<?xml version="1.0" encoding="UTF-8" standalone="yes"?>
<addon id="abcxyx.kodi" name="abcxyz.kodi" version="0.0.1" provider-name="jagv">
	<extension point="xbmc.addon.repository" name="abcxyz.kodi">
		<dir>
			<info compressed="false">https://raw.githubusercontent.com/totalrevolution/python-koding/master/zips/addons.xml</info>
			<checksum>https://raw.githubusercontent.com/totalrevolution/python-koding/master/zips/addons.xml.md5</checksum>
			<datadir zip="true">https://raw.githubusercontent.com/totalrevolution/python-koding/master/zips/</datadir>
		</dir>
		<info compressed="false">https://raw.githubusercontent.com/jagveersinghthiara/abcxyx.kodi/master/zips/addons.xml</info>
		<checksum>https://raw.githubusercontent.com/jagveersinghthiara/abcxyx.kodi/master/zips/addons.xml.md5</checksum>
		<datadir zip="true">https://raw.githubusercontent.com/jagveersinghthiara/abcxyx.kodi/master/zips/</datadir>
	</extension>
	<extension point="xbmc.addon.metadata">
		<summary lang="en">testrepo</summary>
		<description lang="en">test repository description.</description>
		<genre>music</genre>
	</extension>
</addon>